"schoolid","location"
"0001-01-002","OUT STATE"
"0001-01-003","OUT STATE"
"0001-03-103","CORE CITIES"
"0001-03-104","CORE CITIES"
"0001-03-105","CORE CITIES"
"0001-03-106","CORE CITIES"
"0001-03-107","CORE CITIES"
"0001-03-110","CORE CITIES"
"0001-03-112","CORE CITIES"
"0001-03-114","CORE CITIES"
"0001-03-118","CORE CITIES"
"0001-03-119","CORE CITIES"
"0001-03-121","CORE CITIES"
"0001-03-123","CORE CITIES"
"0001-03-124","CORE CITIES"
"0001-03-126","CORE CITIES"
"0001-03-129","CORE CITIES"
"0001-03-130","CORE CITIES"
"0001-03-131","CORE CITIES"
"0001-03-132","CORE CITIES"
"0001-03-134","CORE CITIES"
"0001-03-135","CORE CITIES"
"0001-03-136","CORE CITIES"
"0001-03-137","CORE CITIES"
"0001-03-138","CORE CITIES"
"0001-03-139","CORE CITIES"
"0001-03-140","CORE CITIES"
"0001-03-143","CORE CITIES"
"0001-03-144","CORE CITIES"
"0001-03-150","CORE CITIES"
"0001-03-151","CORE CITIES"
"0001-03-152","CORE CITIES"
"0001-03-153","CORE CITIES"
"0001-03-155","CORE CITIES"
"0001-03-156","CORE CITIES"
"0001-03-158","CORE CITIES"
"0001-03-160","CORE CITIES"
"0001-03-161","CORE CITIES"
"0001-03-162","CORE CITIES"
"0001-03-163","CORE CITIES"
"0001-03-164","CORE CITIES"
"0001-03-165","CORE CITIES"
"0001-03-166","CORE CITIES"
"0001-03-167","CORE CITIES"
"0001-03-169","CORE CITIES"
"0001-03-170","CORE CITIES"
"0001-03-175","CORE CITIES"
"0001-03-176","CORE CITIES"
"0001-03-178","CORE CITIES"
"0001-03-179","CORE CITIES"
"0001-03-180","CORE CITIES"
"0001-03-181","CORE CITIES"
"0001-03-185","CORE CITIES"
"0001-03-186","CORE CITIES"
"0001-03-190","CORE CITIES"
"0001-03-191","CORE CITIES"
"0001-03-192","CORE CITIES"
"0001-03-193","CORE CITIES"
"0001-03-194","CORE CITIES"
"0001-03-195","CORE CITIES"
"0001-03-196","CORE CITIES"
"0001-03-205","CORE CITIES"
"0001-03-209","CORE CITIES"
"0001-03-210","CORE CITIES"
"0001-03-211","CORE CITIES"
"0001-03-212","CORE CITIES"
"0001-03-213","CORE CITIES"
"0001-03-214","CORE CITIES"
"0001-03-215","CORE CITIES"
"0001-03-216","CORE CITIES"
"0001-03-225","CORE CITIES"
"0001-03-226","CORE CITIES"
"0001-03-229","CORE CITIES"
"0001-03-230","CORE CITIES"
"0001-03-231","CORE CITIES"
"0001-03-234","CORE CITIES"
"0001-03-238","CORE CITIES"
"0001-03-249","CORE CITIES"
"0001-03-256","CORE CITIES"
"0001-03-260","CORE CITIES"
"0001-03-266","CORE CITIES"
"0001-03-272","CORE CITIES"
"0001-03-280","CORE CITIES"
"0001-03-281","CORE CITIES"
"0001-03-282","CORE CITIES"
"0001-03-284","CORE CITIES"
"0001-03-287","CORE CITIES"
"0001-03-288","CORE CITIES"
"0001-03-289","CORE CITIES"
"0001-03-290","CORE CITIES"
"0001-03-291","CORE CITIES"
"0001-03-293","CORE CITIES"
"0001-03-380","CORE CITIES"
"0001-03-623","CORE CITIES"
"0001-03-702","CORE CITIES"
"0001-03-703","CORE CITIES"
"0001-03-704","CORE CITIES"
"0001-03-705","CORE CITIES"
"0001-03-706","CORE CITIES"
"0001-03-707","CORE CITIES"
"0001-03-710","CORE CITIES"
"0001-03-712","CORE CITIES"
"0001-03-714","CORE CITIES"
"0001-03-719","CORE CITIES"
"0001-03-721","CORE CITIES"
"0001-03-723","CORE CITIES"
"0001-03-724","CORE CITIES"
"0001-03-726","CORE CITIES"
"0001-03-729","CORE CITIES"
"0001-03-730","CORE CITIES"
"0001-03-731","CORE CITIES"
"0001-03-732","CORE CITIES"
"0001-03-734","CORE CITIES"
"0001-03-735","CORE CITIES"
"0001-03-736","CORE CITIES"
"0001-03-737","CORE CITIES"
"0001-03-738","CORE CITIES"
"0001-03-740","CORE CITIES"
"0001-03-744","CORE CITIES"
"0001-03-750","CORE CITIES"
"0001-03-752","CORE CITIES"
"0001-03-753","CORE CITIES"
"0001-03-755","CORE CITIES"
"0001-03-756","CORE CITIES"
"0001-03-758","CORE CITIES"
"0001-03-760","CORE CITIES"
"0001-03-762","CORE CITIES"
"0001-03-763","CORE CITIES"
"0001-03-764","CORE CITIES"
"0001-03-765","CORE CITIES"
"0001-03-766","CORE CITIES"
"0001-03-767","CORE CITIES"
"0001-03-769","CORE CITIES"
"0001-03-778","CORE CITIES"
"0001-03-779","CORE CITIES"
"0001-03-790","CORE CITIES"
"0001-03-791","CORE CITIES"
"0001-03-792","CORE CITIES"
"0001-03-794","CORE CITIES"
"0001-03-795","CORE CITIES"
"0001-03-796","CORE CITIES"
"0001-03-798","CORE CITIES"
"0001-03-799","CORE CITIES"
"0002-01-001","OUT STATE"
"0002-01-004","OUT STATE"
"0004-01-010","OUT STATE"
"0004-01-050","OUT STATE"
"0006-03-735","SUBURBS"
"0006-03-737","SUBURBS"
"0006-03-762","SUBURBS"
"0006-03-763","SUBURBS"
"0006-03-764","SUBURBS"
"0006-03-765","SUBURBS"
"0011-01-400","SUBURBS"
"0011-01-401","SUBURBS"
"0011-01-402","SUBURBS"
"0011-01-403","SUBURBS"
"0011-01-404","SUBURBS"
"0011-01-405","SUBURBS"
"0011-01-406","SUBURBS"
"0011-01-407","SUBURBS"
"0011-01-408","SUBURBS"
"0011-01-409","SUBURBS"
"0011-01-410","SUBURBS"
"0011-01-411","SUBURBS"
"0011-01-412","SUBURBS"
"0011-01-413","SUBURBS"
"0011-01-414","SUBURBS"
"0011-01-415","SUBURBS"
"0011-01-416","SUBURBS"
"0011-01-417","SUBURBS"
"0011-01-418","SUBURBS"
"0011-01-419","SUBURBS"
"0011-01-420","SUBURBS"
"0011-01-421","SUBURBS"
"0011-01-422","SUBURBS"
"0011-01-423","SUBURBS"
"0011-01-424","SUBURBS"
"0011-01-425","SUBURBS"
"0011-01-426","SUBURBS"
"0011-01-427","SUBURBS"
"0011-01-428","SUBURBS"
"0011-01-429","SUBURBS"
"0011-01-430","SUBURBS"
"0012-01-010","SUBURBS"
"0012-01-030","SUBURBS"
"0012-01-060","SUBURBS"
"0012-01-070","SUBURBS"
"0012-01-510","SUBURBS"
"0012-01-511","SUBURBS"
"0012-01-512","SUBURBS"
"0012-01-513","SUBURBS"
"0012-01-515","SUBURBS"
"0013-01-515","SUBURBS"
"0013-01-516","SUBURBS"
"0013-01-517","SUBURBS"
"0013-01-519","SUBURBS"
"0013-01-520","SUBURBS"
"0014-01-006","SUBURBS"
"0014-01-546","SUBURBS"
"0014-01-548","SUBURBS"
"0014-01-550","SUBURBS"
"0015-01-020","SUBURBS"
"0015-01-030","SUBURBS"
"0015-01-040","SUBURBS"
"0015-01-080","SUBURBS"
"0015-01-090","SUBURBS"
"0015-01-141","SUBURBS"
"0015-01-781","SUBURBS"
"0015-01-782","SUBURBS"
"0015-01-784","SUBURBS"
"0015-01-848","SUBURBS"
"0016-01-771","SUBURBS"
"0016-01-772","SUBURBS"
"0016-01-773","SUBURBS"
"0016-01-774","SUBURBS"
"0016-01-775","SUBURBS"
"0016-01-787","SUBURBS"
"0021-01-010","OUT STATE"
"0022-01-010","OUT STATE"
"0022-01-020","OUT STATE"
"0022-01-030","OUT STATE"
"0022-01-050","OUT STATE"
"0022-01-055","OUT STATE"
"0022-01-060","OUT STATE"
"0023-01-010","OUT STATE"
"0024-01-010","OUT STATE"
"0025-01-070","OUT STATE"
"0031-01-013","OUT STATE"
"0031-01-014","OUT STATE"
"0031-01-016","OUT STATE"
"0031-01-030","OUT STATE"
"0031-01-040","OUT STATE"
"0031-01-050","OUT STATE"
"0031-01-060","OUT STATE"
"0031-01-080","OUT STATE"
"0031-01-100","OUT STATE"
"0031-01-140","OUT STATE"
"0031-01-647","OUT STATE"
"0032-01-010","OUT STATE"
"0036-01-010","OUT STATE"
"0038-01-010","OUT STATE"
"0038-01-011","OUT STATE"
"0038-01-020","OUT STATE"
"0047-01-003","OUT STATE"
"0047-01-004","OUT STATE"
"0047-01-006","OUT STATE"
"0047-01-007","OUT STATE"
"0051-01-010","OUT STATE"
"0051-01-030","OUT STATE"
"0055-01-001","OUT STATE"
"0055-01-003","OUT STATE"
"0057-01-010","OUT STATE"
"0057-01-011","OUT STATE"
"0058-01-001","OUT STATE"
"0060-01-010","OUT STATE"
"0062-01-010",NA
"0070-01-010","OUT STATE"
"0072-01-010","OUT STATE"
"0075-01-010","OUT STATE"
"0077-01-010","OUT STATE"
"0077-01-020","OUT STATE"
"0077-01-030","OUT STATE"
"0077-01-040","OUT STATE"
"0077-01-050","OUT STATE"
"0077-01-060","OUT STATE"
"0077-01-070","OUT STATE"
"0077-01-080","OUT STATE"
"0077-01-090","OUT STATE"
"0077-01-150","OUT STATE"
"0077-01-210","OUT STATE"
"0078-01-010","OUT STATE"
"0078-01-030","OUT STATE"
"0079-01-010","OUT STATE"
"0081-01-010","OUT STATE"
"0084-01-010","OUT STATE"
"0085-01-002","OUT STATE"
"0088-01-010","OUT STATE"
"0088-01-020","OUT STATE"
"0088-01-030","OUT STATE"
"0088-01-060","OUT STATE"
"0091-01-001","OUT STATE"
"0093-01-002","OUT STATE"
"0094-01-101","OUT STATE"
"0094-01-102","OUT STATE"
"0094-01-105","OUT STATE"
"0095-01-010","OUT STATE"
"0097-01-020","OUT STATE"
"0099-01-030","OUT STATE"
"0100-01-001","OUT STATE"
"0108-01-010","SUBURBS"
"0108-01-030","SUBURBS"
"0108-01-040","SUBURBS"
"0110-01-010","SUBURBS"
"0110-01-110","SUBURBS"
"0110-01-120","SUBURBS"
"0110-01-130","SUBURBS"
"0110-01-871","SUBURBS"
"0111-01-001","SUBURBS"
"0111-01-837","SUBURBS"
"0111-01-839","SUBURBS"
"0111-01-840","SUBURBS"
"0112-01-501","SUBURBS"
"0112-01-504","SUBURBS"
"0112-01-505","SUBURBS"
"0112-01-506","SUBURBS"
"0112-01-507","SUBURBS"
"0112-01-509","SUBURBS"
"0112-01-510","SUBURBS"
"0112-01-511","SUBURBS"
"0112-01-512","SUBURBS"
"0112-01-513","SUBURBS"
"0113-01-010","OUT STATE"
"0113-01-015","OUT STATE"
"0114-01-010","OUT STATE"
"0115-01-010","OUT STATE"
"0115-01-020","OUT STATE"
"0116-01-010","OUT STATE"
"0117-01-010","OUT STATE"
"0118-01-010","OUT STATE"
"0118-01-030","OUT STATE"
"0119-01-010","OUT STATE"
"0126-01-010","OUT STATE"
"0127-01-002","OUT STATE"
"0128-01-010","OUT STATE"
"0129-01-010","OUT STATE"
"0129-01-015","OUT STATE"
"0129-01-020","OUT STATE"
"0138-01-010","OUT STATE"
"0138-01-040","OUT STATE"
"0138-01-045","OUT STATE"
"0139-01-010","OUT STATE"
"0140-01-001","OUT STATE"
"0141-01-001","OUT STATE"
"0141-01-002","OUT STATE"
"0145-01-001","OUT STATE"
"0145-01-002","OUT STATE"
"0146-01-010","OUT STATE"
"0147-01-010","OUT STATE"
"0150-01-010","OUT STATE"
"0150-01-011","OUT STATE"
"0152-01-011","OUT STATE"
"0152-01-014","OUT STATE"
"0152-01-015","OUT STATE"
"0152-01-017","OUT STATE"
"0152-01-018","OUT STATE"
"0152-01-085","OUT STATE"
"0152-01-104","OUT STATE"
"0152-01-185","OUT STATE"
"0152-01-186","OUT STATE"
"0152-01-187","OUT STATE"
"0152-01-188","OUT STATE"
"0152-01-189","OUT STATE"
"0152-01-190","OUT STATE"
"0152-01-191","OUT STATE"
"0152-01-194","OUT STATE"
"0152-01-204","OUT STATE"
"0152-01-384","OUT STATE"
"0158-01-010","OUT STATE"
"0161-01-010","OUT STATE"
"0162-01-010","OUT STATE"
"0162-01-040","OUT STATE"
"0166-01-060","OUT STATE"
"0166-01-070","OUT STATE"
"0166-01-080","OUT STATE"
"0173-01-010","OUT STATE"
"0175-01-010",NA
"0177-01-020","OUT STATE"
"0177-01-030","OUT STATE"
"0177-01-040","OUT STATE"
"0178-01-010","OUT STATE"
"0181-01-002","OUT STATE"
"0181-01-003","OUT STATE"
"0181-01-004","OUT STATE"
"0181-01-005","OUT STATE"
"0181-01-007","OUT STATE"
"0181-01-008","OUT STATE"
"0181-01-009","OUT STATE"
"0181-01-010","OUT STATE"
"0181-01-011","OUT STATE"
"0181-01-012","OUT STATE"
"0181-01-013","OUT STATE"
"0181-01-015","OUT STATE"
"0182-01-002","OUT STATE"
"0182-01-003","OUT STATE"
"0182-01-004","OUT STATE"
"0182-01-005","OUT STATE"
"0182-01-006","OUT STATE"
"0186-01-010","OUT STATE"
"0191-01-480","SUBURBS"
"0191-01-481","SUBURBS"
"0191-01-482","SUBURBS"
"0191-01-483","SUBURBS"
"0191-01-484","SUBURBS"
"0191-01-485","SUBURBS"
"0191-01-486","SUBURBS"
"0191-01-487","SUBURBS"
"0191-01-488","SUBURBS"
"0191-01-489","SUBURBS"
"0191-01-490","SUBURBS"
"0191-01-491","SUBURBS"
"0192-01-010","SUBURBS"
"0192-01-040","SUBURBS"
"0192-01-080","SUBURBS"
"0192-01-100","SUBURBS"
"0192-01-155","SUBURBS"
"0192-01-621","SUBURBS"
"0194-01-591","SUBURBS"
"0194-01-592","SUBURBS"
"0194-01-593","SUBURBS"
"0194-01-594","SUBURBS"
"0194-01-595","SUBURBS"
"0194-01-596","SUBURBS"
"0194-01-597","SUBURBS"
"0194-01-598","SUBURBS"
"0194-01-599","SUBURBS"
"0195-01-010","SUBURBS"
"0196-01-025","SUBURBS"
"0196-01-513","SUBURBS"
"0196-01-514","SUBURBS"
"0196-01-705","SUBURBS"
"0196-01-706","SUBURBS"
"0196-01-707","SUBURBS"
"0196-01-708","SUBURBS"
"0196-01-709","SUBURBS"
"0196-01-710","SUBURBS"
"0196-01-711","SUBURBS"
"0196-01-712","SUBURBS"
"0196-01-713","SUBURBS"
"0196-01-714","SUBURBS"
"0196-01-715","SUBURBS"
"0196-01-716","SUBURBS"
"0196-01-717","SUBURBS"
"0196-01-718","SUBURBS"
"0196-01-719","SUBURBS"
"0196-01-720","SUBURBS"
"0196-01-721","SUBURBS"
"0196-01-764","SUBURBS"
"0196-01-765","SUBURBS"
"0197-01-815","SUBURBS"
"0197-01-816","SUBURBS"
"0197-01-817","SUBURBS"
"0197-01-819","SUBURBS"
"0197-01-820","SUBURBS"
"0199-01-574","SUBURBS"
"0199-01-575","SUBURBS"
"0199-01-576","SUBURBS"
"0199-01-577","SUBURBS"
"0199-01-578","SUBURBS"
"0199-01-579","SUBURBS"
"0200-01-010","SUBURBS"
"0200-01-020","SUBURBS"
"0200-01-025","SUBURBS"
"0200-01-030","SUBURBS"
"0200-01-608","SUBURBS"
"0200-01-609","SUBURBS"
"0200-01-610","SUBURBS"
"0200-01-611","SUBURBS"
"0200-01-612","SUBURBS"
"0201-01-010","OUT STATE"
"0202-01-010","OUT STATE"
"0203-01-002","OUT STATE"
"0203-01-003","OUT STATE"
"0204-01-010","OUT STATE"
"0204-01-020","OUT STATE"
"0205-01-001","OUT STATE"
"0206-01-110","OUT STATE"
"0206-01-120","OUT STATE"
"0206-01-130","OUT STATE"
"0206-01-140","OUT STATE"
"0206-01-150","OUT STATE"
"0206-01-160","OUT STATE"
"0206-01-170","OUT STATE"
"0207-01-001",NA
"0208-01-001",NA
"0209-01-010","OUT STATE"
"0213-01-010","OUT STATE"
"0217-01-010","OUT STATE"
"0218-01-010","OUT STATE"
"0219-01-001","OUT STATE"
"0222-01-001","OUT STATE"
"0223-01-010","OUT STATE"
"0224-01-010","OUT STATE"
"0225-01-010","OUT STATE"
"0227-01-002","OUT STATE"
"0228-01-123","OUT STATE"
"0229-01-010","OUT STATE"
"0232-01-010","OUT STATE"
"0233-01-010","OUT STATE"
"0234-01-001","OUT STATE"
"0236-01-010","OUT STATE"
"0237-01-010","OUT STATE"
"0238-01-001","OUT STATE"
"0239-01-001","OUT STATE"
"0240-01-010","OUT STATE"
"0241-01-020","OUT STATE"
"0241-01-030","OUT STATE"
"0241-01-040","OUT STATE"
"0241-01-050","OUT STATE"
"0241-01-060","OUT STATE"
"0241-01-070","OUT STATE"
"0241-01-080","OUT STATE"
"0241-01-110","OUT STATE"
"0241-01-120","OUT STATE"
"0241-01-130","OUT STATE"
"0241-01-140","OUT STATE"
"0242-01-002","OUT STATE"
"0243-01-010","OUT STATE"
"0244-01-001","OUT STATE"
"0245-01-002","OUT STATE"
"0252-01-001","OUT STATE"
"0252-01-003","OUT STATE"
"0252-01-004","OUT STATE"
"0253-01-001","OUT STATE"
"0254-01-010","OUT STATE"
"0255-01-010","OUT STATE"
"0256-01-001","OUT STATE"
"0256-01-002","OUT STATE"
"0256-01-003","OUT STATE"
"0256-01-004","OUT STATE"
"0256-01-005","OUT STATE"
"0256-01-006","OUT STATE"
"0256-01-537","OUT STATE"
"0256-01-538","OUT STATE"
"0256-01-539","OUT STATE"
"0256-01-540","OUT STATE"
"0256-01-541","OUT STATE"
"0258-01-010","OUT STATE"
"0260-01-001","OUT STATE"
"0261-01-010","OUT STATE"
"0262-01-010","OUT STATE"
"0263-01-001","OUT STATE"
"0264-01-001","OUT STATE"
"0265-01-001","OUT STATE"
"0270-01-561","SUBURBS"
"0270-01-562","SUBURBS"
"0270-01-563","SUBURBS"
"0270-01-564","SUBURBS"
"0270-01-565","SUBURBS"
"0270-01-566","SUBURBS"
"0270-01-567","SUBURBS"
"0270-01-568","SUBURBS"
"0270-01-569","SUBURBS"
"0270-01-570","SUBURBS"
"0271-01-013","SUBURBS"
"0271-01-432","SUBURBS"
"0271-01-442","SUBURBS"
"0271-01-443","SUBURBS"
"0271-01-444","SUBURBS"
"0271-01-446","SUBURBS"
"0271-01-447","SUBURBS"
"0271-01-448","SUBURBS"
"0271-01-449","SUBURBS"
"0271-01-450","SUBURBS"
"0271-01-451","SUBURBS"
"0271-01-452","SUBURBS"
"0271-01-454","SUBURBS"
"0271-01-455","SUBURBS"
"0271-01-457","SUBURBS"
"0271-01-458","SUBURBS"
"0271-01-459","SUBURBS"
"0271-01-460","SUBURBS"
"0271-01-461","SUBURBS"
"0272-01-002","SUBURBS"
"0272-01-003","SUBURBS"
"0272-01-004","SUBURBS"
"0272-01-005","SUBURBS"
"0272-01-006","SUBURBS"
"0272-01-008","SUBURBS"
"0272-01-009","SUBURBS"
"0272-01-011","SUBURBS"
"0272-01-880","SUBURBS"
"0272-01-881","SUBURBS"
"0272-01-882","SUBURBS"
"0272-01-883","SUBURBS"
"0272-01-885","SUBURBS"
"0272-01-886","SUBURBS"
"0272-01-887","SUBURBS"
"0273-01-526","SUBURBS"
"0273-01-527","SUBURBS"
"0273-01-528","SUBURBS"
"0273-01-529","SUBURBS"
"0273-01-532","SUBURBS"
"0273-01-533","SUBURBS"
"0276-01-601","SUBURBS"
"0276-01-602","SUBURBS"
"0276-01-603","SUBURBS"
"0276-01-604","SUBURBS"
"0276-01-605","SUBURBS"
"0276-01-606","SUBURBS"
"0276-01-607","SUBURBS"
"0277-01-615","SUBURBS"
"0277-01-616","SUBURBS"
"0277-01-617","SUBURBS"
"0278-01-661","SUBURBS"
"0278-01-662","SUBURBS"
"0278-01-663","SUBURBS"
"0279-01-665","SUBURBS"
"0279-01-668","SUBURBS"
"0279-01-669","SUBURBS"
"0279-01-670","SUBURBS"
"0279-01-671","SUBURBS"
"0279-01-672","SUBURBS"
"0279-01-673","SUBURBS"
"0279-01-674","SUBURBS"
"0279-01-675","SUBURBS"
"0279-01-676","SUBURBS"
"0279-01-677","SUBURBS"
"0279-01-678","SUBURBS"
"0279-01-679","SUBURBS"
"0279-01-680","SUBURBS"
"0279-01-681","SUBURBS"
"0279-01-682","SUBURBS"
"0279-01-683","SUBURBS"
"0279-01-684","SUBURBS"
"0279-01-685","SUBURBS"
"0279-01-687","SUBURBS"
"0279-01-689","SUBURBS"
"0279-01-693","SUBURBS"
"0279-01-696","SUBURBS"
"0280-01-036","SUBURBS"
"0280-01-695","SUBURBS"
"0280-01-698","SUBURBS"
"0280-01-699","SUBURBS"
"0280-01-701","SUBURBS"
"0280-01-702","SUBURBS"
"0280-01-705","SUBURBS"
"0281-01-003","SUBURBS"
"0281-01-004","SUBURBS"
"0281-01-005","SUBURBS"
"0281-01-006","SUBURBS"
"0281-01-007","SUBURBS"
"0281-01-008","SUBURBS"
"0281-01-009","SUBURBS"
"0281-01-010","SUBURBS"
"0281-01-011","SUBURBS"
"0281-01-012","SUBURBS"
"0281-01-013","SUBURBS"
"0281-01-017","SUBURBS"
"0281-01-019","SUBURBS"
"0281-01-020","SUBURBS"
"0281-01-022","SUBURBS"
"0281-01-023","SUBURBS"
"0281-01-030","SUBURBS"
"0281-01-401","SUBURBS"
"0282-01-040","SUBURBS"
"0283-01-745","SUBURBS"
"0283-01-747","SUBURBS"
"0283-01-749","SUBURBS"
"0283-01-750","SUBURBS"
"0283-01-754","SUBURBS"
"0283-01-755","SUBURBS"
"0283-01-758","SUBURBS"
"0284-01-803","SUBURBS"
"0284-01-804","SUBURBS"
"0284-01-805","SUBURBS"
"0284-01-806","SUBURBS"
"0284-01-807","SUBURBS"
"0284-01-808","SUBURBS"
"0284-01-809","SUBURBS"
"0284-01-810","SUBURBS"
"0284-01-811","SUBURBS"
"0284-01-812","SUBURBS"
"0286-01-010","SUBURBS"
"0286-01-480","SUBURBS"
"0294-01-010","OUT STATE"
"0297-01-010","OUT STATE"
"0299-01-002","OUT STATE"
"0299-01-003","OUT STATE"
"0299-01-005","OUT STATE"
"0299-01-010","OUT STATE"
"0300-01-010","OUT STATE"
"0300-01-030","OUT STATE"
"0301-01-010","OUT STATE"
"0306-01-010","OUT STATE"
"0308-01-010","OUT STATE"
"0309-01-010","OUT STATE"
"0309-01-020","OUT STATE"
"0309-01-030","OUT STATE"
"0309-01-040","OUT STATE"
"0314-01-002","OUT STATE"
"0314-01-003","OUT STATE"
"0316-01-040","OUT STATE"
"0316-01-080","OUT STATE"
"0316-01-110","OUT STATE"
"0316-01-120","OUT STATE"
"0316-01-130","OUT STATE"
"0317-01-002","OUT STATE"
"0317-01-003","OUT STATE"
"0317-01-004","OUT STATE"
"0318-01-030","OUT STATE"
"0318-01-040","OUT STATE"
"0318-01-050","OUT STATE"
"0318-01-060","OUT STATE"
"0318-01-070","OUT STATE"
"0318-01-080","OUT STATE"
"0318-01-090","OUT STATE"
"0318-01-100","OUT STATE"
"0318-01-105","OUT STATE"
"0318-01-110","OUT STATE"
"0318-01-115","OUT STATE"
"0318-01-120","OUT STATE"
"0318-01-125","OUT STATE"
"0318-01-130","OUT STATE"
"0318-01-135","OUT STATE"
"0318-01-137","OUT STATE"
"0318-01-145","OUT STATE"
"0318-01-150","OUT STATE"
"0319-01-020","OUT STATE"
"0319-01-030","OUT STATE"
"0324-01-112","OUT STATE"
"0325-01-010","OUT STATE"
"0328-01-010","OUT STATE"
"0330-01-010","OUT STATE"
"0332-01-020","OUT STATE"
"0332-01-030","OUT STATE"
"0332-01-040","OUT STATE"
"0333-01-010","OUT STATE"
"0341-01-010","OUT STATE"
"0345-01-010","OUT STATE"
"0345-01-011","OUT STATE"
"0345-01-020","OUT STATE"
"0346-01-010","OUT STATE"
"0347-01-099","OUT STATE"
"0347-01-101","OUT STATE"
"0347-01-102","OUT STATE"
"0347-01-103","OUT STATE"
"0347-01-104","OUT STATE"
"0347-01-105","OUT STATE"
"0347-01-106","OUT STATE"
"0347-01-107","OUT STATE"
"0347-01-108","OUT STATE"
"0347-01-109","OUT STATE"
"0347-01-110","OUT STATE"
"0347-01-851","OUT STATE"
"0347-01-852","OUT STATE"
"0347-01-853","OUT STATE"
"0347-01-854","OUT STATE"
"0347-01-855","OUT STATE"
"0347-01-856","OUT STATE"
"0347-01-858","OUT STATE"
"0351-01-010","OUT STATE"
"0352-01-010","OUT STATE"
"0353-01-010","OUT STATE"
"0354-01-010","OUT STATE"
"0356-01-010","OUT STATE"
"0361-01-002","OUT STATE"
"0361-01-004","OUT STATE"
"0361-01-005","OUT STATE"
"0361-01-006","OUT STATE"
"0361-01-007","OUT STATE"
"0362-01-010","OUT STATE"
"0362-01-020","OUT STATE"
"0363-01-080","OUT STATE"
"0363-01-090","OUT STATE"
"0371-01-010",NA
"0376-01-010","OUT STATE"
"0377-01-010","OUT STATE"
"0378-01-010","OUT STATE"
"0381-01-020","OUT STATE"
"0381-01-030","OUT STATE"
"0381-01-040","OUT STATE"
"0381-01-060","OUT STATE"
"0390-01-113","OUT STATE"
"0390-01-224","OUT STATE"
"0391-01-010","OUT STATE"
"0392-01-010",NA
"0393-01-010","OUT STATE"
"0394-01-010",NA
"0394-01-030",NA
"0394-01-040",NA
"0395-01-020","OUT STATE"
"0402-01-010","OUT STATE"
"0402-01-120","OUT STATE"
"0403-01-010","OUT STATE"
"0404-01-010","OUT STATE"
"0408-01-010","OUT STATE"
"0409-01-010",NA
"0411-01-010",NA
"0412-01-010","OUT STATE"
"0413-01-002","OUT STATE"
"0413-01-003","OUT STATE"
"0413-01-005","OUT STATE"
"0413-01-007","OUT STATE"
"0413-01-016","OUT STATE"
"0414-01-001","OUT STATE"
"0415-01-010","OUT STATE"
"0417-01-002",NA
"0418-01-010",NA
"0421-01-010","OUT STATE"
"0421-01-100","OUT STATE"
"0422-01-010","OUT STATE"
"0422-01-020","OUT STATE"
"0422-01-050","OUT STATE"
"0423-01-010","OUT STATE"
"0423-01-060","OUT STATE"
"0424-01-010","OUT STATE"
"0425-01-010","OUT STATE"
"0426-01-010","OUT STATE"
"0427-01-001","OUT STATE"
"0432-01-010","OUT STATE"
"0432-01-030","OUT STATE"
"0435-01-010","OUT STATE"
"0435-01-020","OUT STATE"
"0435-01-040","OUT STATE"
"0436-01-010","OUT STATE"
"0437-01-010","OUT STATE"
"0440-01-010","OUT STATE"
"0441-01-010","OUT STATE"
"0441-01-030","OUT STATE"
"0442-01-010","OUT STATE"
"0443-01-010","OUT STATE"
"0444-01-001","OUT STATE"
"0446-01-010","OUT STATE"
"0447-01-001","OUT STATE"
"0447-01-002","OUT STATE"
"0451-01-020","OUT STATE"
"0453-01-010","OUT STATE"
"0454-01-020","OUT STATE"
"0454-01-040","OUT STATE"
"0456-01-010","OUT STATE"
"0457-01-010","OUT STATE"
"0458-01-010","OUT STATE"
"0459-01-010","OUT STATE"
"0460-01-010","OUT STATE"
"0461-01-010","OUT STATE"
"0463-01-010","OUT STATE"
"0463-01-030","OUT STATE"
"0464-01-010","OUT STATE"
"0465-01-010","OUT STATE"
"0465-01-020","OUT STATE"
"0466-01-001","OUT STATE"
"0466-01-003","OUT STATE"
"0473-01-010","OUT STATE"
"0477-01-001","OUT STATE"
"0477-01-010","OUT STATE"
"0480-01-010","OUT STATE"
"0482-01-010","OUT STATE"
"0482-01-020","OUT STATE"
"0482-01-050","OUT STATE"
"0482-01-110","OUT STATE"
"0482-01-120","OUT STATE"
"0482-01-130","OUT STATE"
"0483-01-010","OUT STATE"
"0484-01-020","OUT STATE"
"0485-01-010","OUT STATE"
"0485-01-080","OUT STATE"
"0486-01-010","OUT STATE"
"0487-01-010","OUT STATE"
"0492-01-010","OUT STATE"
"0492-01-040","OUT STATE"
"0492-01-060","OUT STATE"
"0492-01-070","OUT STATE"
"0492-01-080","OUT STATE"
"0492-01-105","OUT STATE"
"0492-01-110","OUT STATE"
"0492-01-280","OUT STATE"
"0495-01-010","OUT STATE"
"0497-01-010","OUT STATE"
"0499-01-015","OUT STATE"
"0499-01-020","OUT STATE"
"0500-01-030","OUT STATE"
"0504-01-010","OUT STATE"
"0505-01-010","OUT STATE"
"0507-01-010","OUT STATE"
"0508-01-020","OUT STATE"
"0508-01-030","OUT STATE"
"0508-01-050","OUT STATE"
"0511-01-010","OUT STATE"
"0513-01-010",NA
"0514-01-010","OUT STATE"
"0516-01-010",NA
"0518-01-001","OUT STATE"
"0518-01-002","OUT STATE"
"0518-01-008","OUT STATE"
"0521-01-010","OUT STATE"
"0522-01-010","OUT STATE"
"0523-01-010","OUT STATE"
"0524-01-010","OUT STATE"
"0525-01-001","OUT STATE"
"0526-01-001","OUT STATE"
"0531-01-010","OUT STATE"
"0531-01-030","OUT STATE"
"0531-01-060","OUT STATE"
"0533-01-010","OUT STATE"
"0533-01-020","OUT STATE"
"0534-01-010","OUT STATE"
"0534-01-011","OUT STATE"
"0535-01-001","OUT STATE"
"0535-01-003","OUT STATE"
"0535-01-005","OUT STATE"
"0535-01-006","OUT STATE"
"0535-01-007","OUT STATE"
"0535-01-008","OUT STATE"
"0535-01-009","OUT STATE"
"0535-01-010","OUT STATE"
"0535-01-013","OUT STATE"
"0535-01-014","OUT STATE"
"0535-01-015","OUT STATE"
"0535-01-016","OUT STATE"
"0535-01-017","OUT STATE"
"0535-01-018","OUT STATE"
"0535-01-019","OUT STATE"
"0535-01-022","OUT STATE"
"0535-01-024","OUT STATE"
"0535-01-025","OUT STATE"
"0535-01-026","OUT STATE"
"0535-01-110","OUT STATE"
"0535-01-112","OUT STATE"
"0535-01-116","OUT STATE"
"0535-01-120","OUT STATE"
"0535-01-122","OUT STATE"
"0535-01-124","OUT STATE"
"0535-01-125","OUT STATE"
"0535-01-126","OUT STATE"
"0535-01-128","OUT STATE"
"0535-01-129","OUT STATE"
"0535-01-130","OUT STATE"
"0535-01-132","OUT STATE"
"0535-01-134","OUT STATE"
"0535-01-136","OUT STATE"
"0535-01-138","OUT STATE"
"0535-01-140","OUT STATE"
"0535-01-146","OUT STATE"
"0535-01-147","OUT STATE"
"0535-01-150","OUT STATE"
"0535-01-152","OUT STATE"
"0535-01-595","OUT STATE"
"0542-01-010","OUT STATE"
"0543-01-001","OUT STATE"
"0544-01-010","OUT STATE"
"0544-01-020","OUT STATE"
"0544-01-030","OUT STATE"
"0544-01-040","OUT STATE"
"0544-01-050","OUT STATE"
"0544-01-060","OUT STATE"
"0544-01-075","OUT STATE"
"0544-01-130","OUT STATE"
"0544-01-140","OUT STATE"
"0544-01-150","OUT STATE"
"0544-01-180","OUT STATE"
"0545-01-010","OUT STATE"
"0547-01-010","OUT STATE"
"0548-01-010","OUT STATE"
"0549-01-010","OUT STATE"
"0549-01-040","OUT STATE"
"0550-01-010","OUT STATE"
"0553-01-010","OUT STATE"
"0561-01-010","OUT STATE"
"0564-01-010","OUT STATE"
"0564-01-020","OUT STATE"
"0564-01-030","OUT STATE"
"0564-01-031","OUT STATE"
"0564-01-040","OUT STATE"
"0564-01-050","OUT STATE"
"0566-01-010","OUT STATE"
"0570-01-010","OUT STATE"
"0573-01-010","OUT STATE"
"0576-01-010","OUT STATE"
"0577-01-020","OUT STATE"
"0577-01-030","OUT STATE"
"0578-01-008","OUT STATE"
"0578-01-010","OUT STATE"
"0581-01-020","OUT STATE"
"0582-01-010","OUT STATE"
"0583-01-002","OUT STATE"
"0583-01-003","OUT STATE"
"0584-01-010",NA
"0592-01-010","OUT STATE"
"0593-01-010","OUT STATE"
"0593-01-020","OUT STATE"
"0593-01-050","OUT STATE"
"0593-01-080","OUT STATE"
"0595-01-010","OUT STATE"
"0595-01-020","OUT STATE"
"0595-01-030","OUT STATE"
"0595-01-110","OUT STATE"
"0595-01-120","OUT STATE"
"0595-01-130","OUT STATE"
"0597-01-010","OUT STATE"
"0599-01-010","OUT STATE"
"0600-01-001","OUT STATE"
"0601-01-010","OUT STATE"
"0603-01-010","OUT STATE"
"0603-01-030","OUT STATE"
"0604-01-010","OUT STATE"
"0611-01-010",NA
"0612-01-010","OUT STATE"
"0612-01-030","OUT STATE"
"0612-01-040","OUT STATE"
"0614-01-001","OUT STATE"
"0615-01-001","OUT STATE"
"0621-01-020","SUBURBS"
"0621-01-021","SUBURBS"
"0621-01-025","SUBURBS"
"0621-01-026","SUBURBS"
"0621-01-029","SUBURBS"
"0621-01-030","SUBURBS"
"0621-01-033","SUBURBS"
"0621-01-034","SUBURBS"
"0621-01-035","SUBURBS"
"0621-01-036","SUBURBS"
"0621-01-037","SUBURBS"
"0621-01-625","SUBURBS"
"0621-01-626","SUBURBS"
"0621-01-629","SUBURBS"
"0621-01-630","SUBURBS"
"0621-01-631","SUBURBS"
"0621-01-632","SUBURBS"
"0621-01-633","SUBURBS"
"0621-01-634","SUBURBS"
"0621-01-635","SUBURBS"
"0621-01-636","SUBURBS"
"0622-01-002","SUBURBS"
"0622-01-003","SUBURBS"
"0622-01-004","SUBURBS"
"0622-01-005","SUBURBS"
"0622-01-008","SUBURBS"
"0622-01-014","SUBURBS"
"0622-01-015","SUBURBS"
"0622-01-016","SUBURBS"
"0622-01-017","SUBURBS"
"0622-01-021","SUBURBS"
"0622-01-025","SUBURBS"
"0622-01-026","SUBURBS"
"0622-01-027","SUBURBS"
"0622-01-028","SUBURBS"
"0622-01-029","SUBURBS"
"0622-01-030","SUBURBS"
"0622-01-031","SUBURBS"
"0622-01-033","SUBURBS"
"0622-01-034","SUBURBS"
"0622-01-035","SUBURBS"
"0622-01-036","SUBURBS"
"0622-01-037","SUBURBS"
"0622-01-038","SUBURBS"
"0623-01-073","SUBURBS"
"0623-01-505","SUBURBS"
"0623-01-525","SUBURBS"
"0623-01-721","SUBURBS"
"0623-01-722","SUBURBS"
"0623-01-723","SUBURBS"
"0623-01-724","SUBURBS"
"0623-01-728","SUBURBS"
"0623-01-730","SUBURBS"
"0623-01-731","SUBURBS"
"0624-01-824","SUBURBS"
"0624-01-826","SUBURBS"
"0624-01-827","SUBURBS"
"0624-01-828","SUBURBS"
"0624-01-829","SUBURBS"
"0624-01-830","SUBURBS"
"0624-01-831","SUBURBS"
"0624-01-832","SUBURBS"
"0624-01-833","SUBURBS"
"0624-01-834","SUBURBS"
"0624-01-835","SUBURBS"
"0624-01-836","SUBURBS"
"0624-01-840","SUBURBS"
"0625-01-050","CORE CITIES"
"0625-01-070","CORE CITIES"
"0625-01-074","CORE CITIES"
"0625-01-090","CORE CITIES"
"0625-01-150","CORE CITIES"
"0625-01-410","CORE CITIES"
"0625-01-413","CORE CITIES"
"0625-01-415","CORE CITIES"
"0625-01-422","CORE CITIES"
"0625-01-424","CORE CITIES"
"0625-01-425","CORE CITIES"
"0625-01-428","CORE CITIES"
"0625-01-431","CORE CITIES"
"0625-01-433","CORE CITIES"
"0625-01-435","CORE CITIES"
"0625-01-438","CORE CITIES"
"0625-01-449","CORE CITIES"
"0625-01-452","CORE CITIES"
"0625-01-458","CORE CITIES"
"0625-01-460","CORE CITIES"
"0625-01-461","CORE CITIES"
"0625-01-462","CORE CITIES"
"0625-01-463","CORE CITIES"
"0625-01-464","CORE CITIES"
"0625-01-465","CORE CITIES"
"0625-01-466","CORE CITIES"
"0625-01-467","CORE CITIES"
"0625-01-476","CORE CITIES"
"0625-01-482","CORE CITIES"
"0625-01-483","CORE CITIES"
"0625-01-488","CORE CITIES"
"0625-01-489","CORE CITIES"
"0625-01-491","CORE CITIES"
"0625-01-493","CORE CITIES"
"0625-01-494","CORE CITIES"
"0625-01-496","CORE CITIES"
"0625-01-497","CORE CITIES"
"0625-01-500","CORE CITIES"
"0625-01-503","CORE CITIES"
"0625-01-507","CORE CITIES"
"0625-01-510","CORE CITIES"
"0625-01-512","CORE CITIES"
"0625-01-513","CORE CITIES"
"0625-01-518","CORE CITIES"
"0625-01-524","CORE CITIES"
"0625-01-527","CORE CITIES"
"0625-01-528","CORE CITIES"
"0625-01-530","CORE CITIES"
"0625-01-533","CORE CITIES"
"0625-01-534","CORE CITIES"
"0625-01-536","CORE CITIES"
"0625-01-538","CORE CITIES"
"0625-01-541","CORE CITIES"
"0625-01-542","CORE CITIES"
"0625-01-545","CORE CITIES"
"0625-01-551","CORE CITIES"
"0625-01-552","CORE CITIES"
"0625-01-554","CORE CITIES"
"0625-01-557","CORE CITIES"
"0625-01-558","CORE CITIES"
"0625-01-563","CORE CITIES"
"0625-01-570","CORE CITIES"
"0625-01-571","CORE CITIES"
"0625-01-578","CORE CITIES"
"0625-01-579","CORE CITIES"
"0625-01-581","CORE CITIES"
"0627-01-010",NA
"0628-01-010",NA
"0628-01-011",NA
"0630-01-010","OUT STATE"
"0631-01-001",NA
"0633-01-010","OUT STATE"
"0635-01-001","OUT STATE"
"0635-01-008","OUT STATE"
"0636-01-001","OUT STATE"
"0637-01-002","OUT STATE"
"0638-01-001","OUT STATE"
"0640-01-010","OUT STATE"
"0640-01-030","OUT STATE"
"0640-01-040","OUT STATE"
"0641-01-010",NA
"0646-01-010","OUT STATE"
"0647-01-010","OUT STATE"
"0648-01-001","OUT STATE"
"0648-01-003","OUT STATE"
"0649-01-001","OUT STATE"
"0650-01-010","OUT STATE"
"0651-01-010","OUT STATE"
"0652-01-001","OUT STATE"
"0653-01-010","OUT STATE"
"0654-01-010","OUT STATE"
"0655-01-001","OUT STATE"
"0656-01-020","OUT STATE"
"0656-01-030","OUT STATE"
"0656-01-040","OUT STATE"
"0656-01-045","OUT STATE"
"0656-01-050","OUT STATE"
"0656-01-060","OUT STATE"
"0656-01-100","OUT STATE"
"0656-01-110","OUT STATE"
"0656-01-220","OUT STATE"
"0656-01-230","OUT STATE"
"0657-01-010","OUT STATE"
"0659-01-003","OUT STATE"
"0659-01-004","OUT STATE"
"0659-01-005","OUT STATE"
"0659-01-007","OUT STATE"
"0659-01-008","OUT STATE"
"0659-01-010","OUT STATE"
"0659-01-040","OUT STATE"
"0659-01-050","OUT STATE"
"0669-01-010","OUT STATE"
"0670-01-002","OUT STATE"
"0671-01-010","OUT STATE"
"0676-01-010","OUT STATE"
"0678-01-010","OUT STATE"
"0682-01-010","OUT STATE"
"0682-01-030","OUT STATE"
"0682-01-050","OUT STATE"
"0690-01-010","OUT STATE"
"0690-01-020","OUT STATE"
"0690-01-060","OUT STATE"
"0691-01-010","OUT STATE"
"0691-01-020","OUT STATE"
"0691-01-022","OUT STATE"
"0692-01-010","OUT STATE"
"0693-01-001","OUT STATE"
"0695-01-040","OUT STATE"
"0695-01-050","OUT STATE"
"0695-01-101","OUT STATE"
"0695-01-301","OUT STATE"
"0696-01-002","OUT STATE"
"0697-01-010","OUT STATE"
"0698-01-010","OUT STATE"
"0699-01-010","OUT STATE"
"0700-01-010","OUT STATE"
"0700-01-012","OUT STATE"
"0701-01-030","OUT STATE"
"0701-01-040","OUT STATE"
"0701-01-050","OUT STATE"
"0701-01-060","OUT STATE"
"0701-01-130","OUT STATE"
"0701-01-140","OUT STATE"
"0701-01-150","OUT STATE"
"0701-01-160","OUT STATE"
"0701-01-310","OUT STATE"
"0704-01-003","OUT STATE"
"0704-01-004","OUT STATE"
"0704-01-005","OUT STATE"
"0704-01-006","OUT STATE"
"0704-01-007","OUT STATE"
"0704-01-020","OUT STATE"
"0704-01-030","OUT STATE"
"0704-01-040","OUT STATE"
"0704-01-050","OUT STATE"
"0704-01-060","OUT STATE"
"0706-01-030","OUT STATE"
"0706-01-040","OUT STATE"
"0706-01-060","OUT STATE"
"0706-01-100","OUT STATE"
"0706-01-112","OUT STATE"
"0707-01-001","OUT STATE"
"0708-01-020","OUT STATE"
"0709-01-410","OUT STATE"
"0709-01-411","OUT STATE"
"0709-01-412","OUT STATE"
"0709-01-415","OUT STATE"
"0709-01-425","OUT STATE"
"0709-01-430","OUT STATE"
"0709-01-435","OUT STATE"
"0709-01-440","OUT STATE"
"0709-01-465","OUT STATE"
"0709-01-470","OUT STATE"
"0709-01-475","OUT STATE"
"0709-01-480","OUT STATE"
"0709-01-485","OUT STATE"
"0709-01-490","OUT STATE"
"0709-01-495","OUT STATE"
"0709-01-500","OUT STATE"
"0709-01-510","OUT STATE"
"0709-01-515","OUT STATE"
"0709-01-520","OUT STATE"
"0709-01-525","OUT STATE"
"0709-01-530","OUT STATE"
"0709-01-540","OUT STATE"
"0709-01-550","OUT STATE"
"0709-01-555","OUT STATE"
"0709-01-560","OUT STATE"
"0709-01-565","OUT STATE"
"0709-01-570","OUT STATE"
"0710-01-007","OUT STATE"
"0710-01-010","OUT STATE"
"0710-01-016","OUT STATE"
"0710-01-045","OUT STATE"
"0710-01-079","OUT STATE"
"0710-01-096","OUT STATE"
"0710-01-097","OUT STATE"
"0710-01-100","OUT STATE"
"0710-01-114","OUT STATE"
"0710-01-142","OUT STATE"
"0710-01-180","OUT STATE"
"0712-01-001","OUT STATE"
"0712-01-010","OUT STATE"
"0712-01-020","OUT STATE"
"0716-01-010","SUBURBS"
"0716-01-011","SUBURBS"
"0717-01-010","SUBURBS"
"0717-01-637","SUBURBS"
"0719-01-009","SUBURBS"
"0719-01-010","SUBURBS"
"0719-01-011","SUBURBS"
"0719-01-012","SUBURBS"
"0719-01-014","SUBURBS"
"0719-01-016","SUBURBS"
"0719-01-017","SUBURBS"
"0719-01-018","SUBURBS"
"0720-01-860","SUBURBS"
"0720-01-861","SUBURBS"
"0720-01-862","SUBURBS"
"0720-01-864","SUBURBS"
"0720-01-865","SUBURBS"
"0720-01-866","SUBURBS"
"0721-01-345","SUBURBS"
"0721-01-521","SUBURBS"
"0721-01-651","SUBURBS"
"0726-01-010","OUT STATE"
"0726-01-040","OUT STATE"
"0727-01-010","OUT STATE"
"0727-01-040","OUT STATE"
"0728-01-070","OUT STATE"
"0728-01-110","OUT STATE"
"0728-01-160","OUT STATE"
"0728-01-170","OUT STATE"
"0728-01-180","OUT STATE"
"0728-01-200","OUT STATE"
"0728-01-210","OUT STATE"
"0728-01-300","OUT STATE"
"0728-01-301","OUT STATE"
"0728-01-700","OUT STATE"
"0728-01-800","OUT STATE"
"0731-01-001","OUT STATE"
"0731-01-002","OUT STATE"
"0732-01-010","OUT STATE"
"0733-01-001","OUT STATE"
"0734-01-010","OUT STATE"
"0735-01-010","OUT STATE"
"0736-01-002","OUT STATE"
"0737-01-001","OUT STATE"
"0738-01-001","OUT STATE"
"0739-01-010","OUT STATE"
"0740-01-010","OUT STATE"
"0740-01-040","OUT STATE"
"0740-01-050","OUT STATE"
"0741-01-001","OUT STATE"
"0742-01-016","OUT STATE"
"0742-01-022","OUT STATE"
"0742-01-025","OUT STATE"
"0742-01-028","OUT STATE"
"0742-01-031","OUT STATE"
"0742-01-033","OUT STATE"
"0742-01-034","OUT STATE"
"0742-01-035","OUT STATE"
"0742-01-036","OUT STATE"
"0742-01-040","OUT STATE"
"0742-01-051","OUT STATE"
"0742-01-210","OUT STATE"
"0742-01-301","OUT STATE"
"0742-01-302","OUT STATE"
"0742-01-310","OUT STATE"
"0742-01-500","OUT STATE"
"0742-01-501","OUT STATE"
"0742-01-510","OUT STATE"
"0742-01-600","OUT STATE"
"0742-01-610","OUT STATE"
"0742-01-680","OUT STATE"
"0742-01-690","OUT STATE"
"0742-01-691","OUT STATE"
"0742-01-811","OUT STATE"
"0742-01-812","OUT STATE"
"0742-01-813","OUT STATE"
"0742-01-900","OUT STATE"
"0743-01-010","OUT STATE"
"0745-01-010","OUT STATE"
"0745-01-020","OUT STATE"
"0745-01-030","OUT STATE"
"0748-01-010","OUT STATE"
"0748-01-030","OUT STATE"
"0748-01-040","OUT STATE"
"0748-01-060","OUT STATE"
"0750-01-010","OUT STATE"
"0750-01-020","OUT STATE"
"0750-01-030","OUT STATE"
"0756-01-010","OUT STATE"
"0761-01-040","OUT STATE"
"0761-01-050","OUT STATE"
"0761-01-060","OUT STATE"
"0761-01-070","OUT STATE"
"0761-01-080","OUT STATE"
"0761-01-901","OUT STATE"
"0761-01-902","OUT STATE"
"0761-01-903","OUT STATE"
"0761-01-904","OUT STATE"
"0761-01-905","OUT STATE"
"0761-01-906","OUT STATE"
"0762-01-010","OUT STATE"
"0763-01-010","OUT STATE"
"0768-01-010","OUT STATE"
"0769-01-030",NA
"0771-01-003","OUT STATE"
"0775-01-010","OUT STATE"
"0775-01-020","OUT STATE"
"0775-01-030","OUT STATE"
"0777-01-103","OUT STATE"
"0777-01-104","OUT STATE"
"0784-01-010","OUT STATE"
"0786-01-010","OUT STATE"
"0787-01-010","OUT STATE"
"0789-01-010","OUT STATE"
"0790-01-010","OUT STATE"
"0791-01-010","OUT STATE"
"0792-01-010","OUT STATE"
"0793-01-020","OUT STATE"
"0793-01-030","OUT STATE"
"0801-01-010","OUT STATE"
"0803-01-001","OUT STATE"
"0806-01-010",NA
"0809-01-010","OUT STATE"
"0810-01-010",NA
"0811-01-020","OUT STATE"
"0811-01-030","OUT STATE"
"0813-01-010","OUT STATE"
"0818-01-010","OUT STATE"
"0819-01-003","OUT STATE"
"0820-01-001","OUT STATE"
"0821-01-010","OUT STATE"
"0827-01-001","OUT STATE"
"0829-01-020","OUT STATE"
"0829-01-030","OUT STATE"
"0829-01-040","OUT STATE"
"0829-01-070","OUT STATE"
"0830-01-010","OUT STATE"
"0831-01-007","SUBURBS"
"0831-01-008","SUBURBS"
"0831-01-009","SUBURBS"
"0831-01-010","SUBURBS"
"0831-01-011","SUBURBS"
"0831-01-012","SUBURBS"
"0831-01-015","SUBURBS"
"0831-01-625","SUBURBS"
"0831-01-626","SUBURBS"
"0831-01-627","SUBURBS"
"0831-01-628","SUBURBS"
"0831-01-629","SUBURBS"
"0831-01-630","SUBURBS"
"0831-01-631","SUBURBS"
"0831-01-633","SUBURBS"
"0832-01-010","SUBURBS"
"0832-01-020","SUBURBS"
"0833-01-010","SUBURBS"
"0833-01-020","SUBURBS"
"0833-01-030","SUBURBS"
"0833-01-031","SUBURBS"
"0833-01-032","SUBURBS"
"0833-01-034","SUBURBS"
"0833-01-036","SUBURBS"
"0833-01-037","SUBURBS"
"0833-01-038","SUBURBS"
"0833-01-040","SUBURBS"
"0833-01-041","SUBURBS"
"0833-01-042","SUBURBS"
"0833-01-043","SUBURBS"
"0833-01-044","SUBURBS"
"0833-01-045","SUBURBS"
"0833-01-046","SUBURBS"
"0833-01-047","SUBURBS"
"0833-01-050","SUBURBS"
"0833-01-060","SUBURBS"
"0833-01-070","SUBURBS"
"0833-01-075","SUBURBS"
"0833-01-080","SUBURBS"
"0833-01-130","SUBURBS"
"0834-01-785","SUBURBS"
"0834-01-786","SUBURBS"
"0834-01-787","SUBURBS"
"0834-01-788","SUBURBS"
"0834-01-789","SUBURBS"
"0834-01-790","SUBURBS"
"0834-01-791","SUBURBS"
"0834-01-792","SUBURBS"
"0834-01-793","SUBURBS"
"0834-01-797","SUBURBS"
"0834-01-798","SUBURBS"
"0834-01-804","SUBURBS"
"0836-01-010","OUT STATE"
"0837-01-010","OUT STATE"
"0840-01-020","OUT STATE"
"0840-01-021","OUT STATE"
"0840-01-025","OUT STATE"
"0846-01-010","OUT STATE"
"0850-01-010","OUT STATE"
"0852-01-010","OUT STATE"
"0857-01-010","OUT STATE"
"0857-01-020","OUT STATE"
"0858-01-002","OUT STATE"
"0861-01-001","OUT STATE"
"0861-01-002","OUT STATE"
"0861-01-003","OUT STATE"
"0861-01-004","OUT STATE"
"0861-01-005","OUT STATE"
"0861-01-011","OUT STATE"
"0861-01-012","OUT STATE"
"0861-01-013","OUT STATE"
"0861-01-014","OUT STATE"
"0861-01-015","OUT STATE"
"0861-01-016","OUT STATE"
"0861-01-017","OUT STATE"
"0861-01-018","OUT STATE"
"0861-01-020","OUT STATE"
"0876-01-001","OUT STATE"
"0877-01-010","OUT STATE"
"0877-01-020","OUT STATE"
"0877-01-050","OUT STATE"
"0877-01-060","OUT STATE"
"0877-01-065","OUT STATE"
"0877-01-070","OUT STATE"
"0879-01-010","OUT STATE"
"0880-01-004","OUT STATE"
"0881-01-010","OUT STATE"
"0882-01-010","OUT STATE"
"0882-01-050","OUT STATE"
"0882-01-060","OUT STATE"
"0882-01-061","OUT STATE"
"0883-01-002","OUT STATE"
"0883-01-003","OUT STATE"
"0885-01-010","OUT STATE"
"0885-01-040","OUT STATE"
"0885-01-060","OUT STATE"
"0885-01-070","OUT STATE"
"0891-01-020","OUT STATE"
"0892-01-010","OUT STATE"
"0893-01-001","OUT STATE"
"0894-01-010","OUT STATE"
"0911-01-101","OUT STATE"
"0911-01-102","OUT STATE"
"0911-01-103","OUT STATE"
"0911-01-110","OUT STATE"
"0911-01-120","OUT STATE"
"0911-01-130","OUT STATE"
"0911-01-201","OUT STATE"
"0911-01-202","OUT STATE"
"0912-01-010","OUT STATE"
"0912-01-020","OUT STATE"
"0913-01-002","OUT STATE"
"0914-01-001","OUT STATE"
"0916-06-028","SUBURBS"
"0918-01-010","OUT STATE"
"2071-01-010","OUT STATE"
"2071-01-015","OUT STATE"
"2071-01-020","OUT STATE"
"2125-01-001","OUT STATE"
"2125-01-002","OUT STATE"
"2125-01-010","OUT STATE"
"2125-01-015","OUT STATE"
"2134-01-010","OUT STATE"
"2134-01-030","OUT STATE"
"2135-01-010","OUT STATE"
"2135-01-025","OUT STATE"
"2135-01-035","OUT STATE"
"2137-01-015","OUT STATE"
"2142-01-010","OUT STATE"
"2142-01-016","OUT STATE"
"2142-01-020","OUT STATE"
"2142-01-040","OUT STATE"
"2142-01-050","OUT STATE"
"2142-01-096","OUT STATE"
"2142-01-100","OUT STATE"
"2142-01-114","OUT STATE"
"2142-01-142","OUT STATE"
"2143-01-010","OUT STATE"
"2143-01-030","OUT STATE"
"2143-01-035","OUT STATE"
"2144-01-001","OUT STATE"
"2144-01-002","OUT STATE"
"2144-01-006","OUT STATE"
"2148-01-010","OUT STATE"
"2148-01-040","OUT STATE"
"2149-01-010","OUT STATE"
"2149-01-020","OUT STATE"
"2149-01-030","OUT STATE"
"2149-01-070","OUT STATE"
"2153-01-010","OUT STATE"
"2154-01-010","OUT STATE"
"2154-01-020","OUT STATE"
"2155-01-002","OUT STATE"
"2155-01-003","OUT STATE"
"2159-01-010","OUT STATE"
"2163-01-010","OUT STATE"
"2163-01-030","OUT STATE"
"2164-01-001","OUT STATE"
"2164-01-002","OUT STATE"
"2164-01-010","OUT STATE"
"2165-01-010","OUT STATE"
"2165-01-030","OUT STATE"
"2167-01-010","OUT STATE"
"2168-01-001","OUT STATE"
"2168-01-010","OUT STATE"
"2169-01-010","OUT STATE"
"2169-01-030","OUT STATE"
"2170-01-010","OUT STATE"
"2170-01-030","OUT STATE"
"2171-01-010","OUT STATE"
"2171-01-015","OUT STATE"
"2171-01-025","OUT STATE"
"2172-01-010","OUT STATE"
"2172-01-030","OUT STATE"
"2174-01-010","OUT STATE"
"2174-01-015","OUT STATE"
"2176-01-010","OUT STATE"
"2176-01-030","OUT STATE"
"2180-01-002","OUT STATE"
"2180-01-010","OUT STATE"
"2183-01-010","OUT STATE"
"2183-01-011","OUT STATE"
"2184-01-002","OUT STATE"
"2190-01-001","OUT STATE"
"2190-01-010","OUT STATE"
"2190-01-011","OUT STATE"
"2190-01-021","OUT STATE"
"2198-01-010","OUT STATE"
"2215-01-010","OUT STATE"
"2310-01-001","OUT STATE"
"2310-01-010","OUT STATE"
"2311-01-010","OUT STATE"
"2311-01-015","OUT STATE"
"2342-01-001","OUT STATE"
"2342-01-002","OUT STATE"
"2342-01-004","OUT STATE"
"2358-01-010","OUT STATE"
"2359-01-010","OUT STATE"
"2364-01-001","OUT STATE"
"2365-01-001","OUT STATE"
"2396-01-100","OUT STATE"
"2396-01-150","OUT STATE"
"2396-01-200","OUT STATE"
"2397-01-010","OUT STATE"
"2397-01-015","OUT STATE"
"2448-01-010","OUT STATE"
"2448-01-015","OUT STATE"
"2448-01-018","OUT STATE"
"2527-01-001","OUT STATE"
"2534-01-010","OUT STATE"
"2534-01-015","OUT STATE"
"2536-01-010","OUT STATE"
"2536-01-015","OUT STATE"
"2580-01-010","OUT STATE"
"2580-01-015","OUT STATE"
"2609-01-010","OUT STATE"
"2609-01-015","OUT STATE"
"2683-01-010","OUT STATE"
"2683-01-011","OUT STATE"
"2687-01-001","OUT STATE"
"2687-01-003","OUT STATE"
"2687-01-004","OUT STATE"
"2689-01-002","OUT STATE"
"2689-01-003","OUT STATE"
"2689-01-004","OUT STATE"
"2689-01-006","OUT STATE"
"2711-01-001","OUT STATE"
"2711-01-003","OUT STATE"
"2711-01-010","OUT STATE"
"2752-01-020","OUT STATE"
"2752-01-040","OUT STATE"
"2752-01-050","OUT STATE"
"2753-01-010","OUT STATE"
"2753-01-015","OUT STATE"
"2754-01-001","OUT STATE"
"2754-01-010","OUT STATE"
"2758-01-002",NA
"2759-01-010","OUT STATE"
"2769-01-030","OUT STATE"
"2805-01-001","OUT STATE"
"2805-01-010","OUT STATE"
"2805-01-030","OUT STATE"
"2835-01-001","OUT STATE"
"2835-01-002","OUT STATE"
"2835-01-010","OUT STATE"
"2853-01-010","OUT STATE"
"2853-01-020","OUT STATE"
"2853-01-030","OUT STATE"
"2854-01-010","OUT STATE"
"2854-01-020","OUT STATE"
"2856-01-010","OUT STATE"
"2856-01-020","OUT STATE"
"2859-01-010","OUT STATE"
"2859-01-020","OUT STATE"
"2859-01-030","OUT STATE"
"2859-01-050","OUT STATE"
"2860-01-010","OUT STATE"
"2860-01-040","OUT STATE"
"2862-01-010",NA
"2862-01-112",NA
"2884-01-030","OUT STATE"
"2886-01-100","OUT STATE"
"2886-01-101","OUT STATE"
"2887-01-010",NA
"2887-01-100",NA
"2888-01-001","OUT STATE"
"2888-01-002","OUT STATE"
"2888-01-004","OUT STATE"
"2888-01-006","OUT STATE"
"2889-01-010","OUT STATE"
"2890-01-001","OUT STATE"
"2890-01-003","OUT STATE"
"2895-01-010","OUT STATE"
"2895-01-112","OUT STATE"
"2897-01-002","OUT STATE"
"2898-01-010","OUT STATE"
"2898-01-015","OUT STATE"
"2899-01-010","OUT STATE"
"2899-01-020","OUT STATE"
"2902-01-100","OUT STATE"
"2903-01-010","OUT STATE"
"2904-01-002","OUT STATE"
"2905-01-010","OUT STATE"
"2905-01-030","OUT STATE"
"2905-01-040","OUT STATE"
"2906-01-010","OUT STATE"
"2906-01-011","OUT STATE"
"2907-01-010","OUT STATE"
"2908-01-001","OUT STATE"
"2908-01-002","OUT STATE"
"4001-07-010","OUT STATE"
"4004-07-010","CORE CITIES"
"4005-07-010","CORE CITIES"
"4007-07-020","OUT STATE"
"4008-07-010","SUBURBS"
"4010-07-010","OUT STATE"
"4011-07-010","SUBURBS"
"4012-07-010",NA
"4014-07-020",NA
"4015-07-010","CORE CITIES"
"4016-07-010","SUBURBS"
"4017-07-010","CORE CITIES"
"4017-07-017","CORE CITIES"
"4017-07-021","CORE CITIES"
"4018-07-010","CORE CITIES"
"4019-07-010",NA
"4020-07-010","OUT STATE"
"4020-07-020","OUT STATE"
"4020-07-040","OUT STATE"
"4021-07-010",NA
"4022-07-010",NA
"4023-07-010",NA
"4025-07-010","CORE CITIES"
"4027-07-010","CORE CITIES"
"4029-07-010","CORE CITIES"
"4030-07-010","SUBURBS"
"4032-07-010","CORE CITIES"
"4035-07-010","CORE CITIES"
"4038-07-010","CORE CITIES"
"4044-07-010",NA
"4050-07-010","OUT STATE"
"4050-07-020","OUT STATE"
"4051-07-010",NA
"4054-07-010","OUT STATE"
"4055-07-010","OUT STATE"
"4058-07-010","OUT STATE"
"4059-07-010","OUT STATE"
"4062-07-010",NA
"4062-07-020",NA
"4064-07-010","OUT STATE"
"4067-07-010","CORE CITIES"
"4068-07-010","SUBURBS"
"4070-07-010","CORE CITIES"
"4073-07-010","CORE CITIES"
"4077-07-010","CORE CITIES"
"4079-07-010","CORE CITIES"
"4083-07-010","OUT STATE"
"4084-07-010","OUT STATE"
"4086-07-010",NA
"4088-07-010","CORE CITIES"
"4089-07-010","CORE CITIES"
"4089-07-020","CORE CITIES"
"4090-07-010","SUBURBS"
"4097-07-010","SUBURBS"
"4097-07-020","SUBURBS"
"4098-07-010","CORE CITIES"
"4099-07-010",NA
"4099-07-020",NA
"4100-07-010","OUT STATE"
"4103-07-020","CORE CITIES"
"4105-07-020","CORE CITIES"
"4113-07-010","CORE CITIES"
"4115-07-010","CORE CITIES"
"4116-07-010","SUBURBS"
"4116-07-020","SUBURBS"
"4116-07-030","SUBURBS"
"4118-07-010","OUT STATE"
"4119-07-010","SUBURBS"
"4120-07-010","SUBURBS"
"4122-07-020","SUBURBS"
"4123-07-010",NA
"4124-07-010","SUBURBS"
"4125-07-010",NA
"4126-07-010","SUBURBS"
"4127-07-010","OUT STATE"
"4128-07-010",NA
"4129-07-010","OUT STATE"
"4133-07-010",NA
"4135-07-010","OUT STATE"
"4136-07-010","OUT STATE"
"4137-07-010","OUT STATE"
"4138-07-010","OUT STATE"
"4139-07-010","CORE CITIES"
"4140-07-010","CORE CITIES"
"4141-07-010","SUBURBS"
"4142-07-010","OUT STATE"
"4142-07-020","OUT STATE"
"4143-07-010","CORE CITIES"
"4144-07-010","OUT STATE"
"4145-07-010","OUT STATE"
"4152-07-010","CORE CITIES"
"4153-07-010","CORE CITIES"
"4155-07-010","OUT STATE"
"4157-07-010","OUT STATE"
"4159-07-010","SUBURBS"
"4159-07-030","SUBURBS"
"4161-07-010","OUT STATE"
"4162-07-010","CORE CITIES"
"4165-07-010","OUT STATE"
"4166-07-010","OUT STATE"
"4167-07-010","SUBURBS"
"4168-07-010","OUT STATE"
"4169-07-010","CORE CITIES"
"4170-07-010","CORE CITIES"
"4170-07-012","CORE CITIES"
"4171-07-010","SUBURBS"
"4172-07-010","OUT STATE"
"4174-07-010",NA
"4175-07-010",NA
"4180-07-010",NA
"4181-07-010","CORE CITIES"
"4184-07-010","SUBURBS"
"4185-07-010","SUBURBS"
"4186-07-010","SUBURBS"
"4187-07-010","SUBURBS"
"4188-07-010","SUBURBS"
"4189-07-010","CORE CITIES"
"4191-07-030","CORE CITIES"
"4192-07-010","SUBURBS"
"4193-07-010","CORE CITIES"
"4194-07-010","OUT STATE"
"4195-07-010","OUT STATE"
"4197-07-010","OUT STATE"
"4198-07-010","OUT STATE"
"4199-07-010","SUBURBS"
"4200-07-020","SUBURBS"
"4201-07-010","CORE CITIES"
"4202-07-010",NA
"4205-07-010","CORE CITIES"
"4208-07-010","SUBURBS"
"4209-07-010","CORE CITIES"
"4211-07-010",NA
"4212-07-010","CORE CITIES"
"4213-07-010","SUBURBS"
"4214-07-010","OUT STATE"
"4215-07-010","CORE CITIES"
"4216-07-010","CORE CITIES"
"4219-07-010","CORE CITIES"
"4220-07-010","SUBURBS"
"4221-07-010",NA
"4223-07-010","OUT STATE"
"4224-07-010","SUBURBS"
"4225-07-010","CORE CITIES"
"4226-07-010","CORE CITIES"
"4227-07-010","OUT STATE"
"4228-07-010","SUBURBS"
"4230-07-010","SUBURBS"
"4231-07-010","CORE CITIES"
"4232-07-010",NA
"4233-07-010","SUBURBS"
"4239-07-010","CORE CITIES"
"4240-07-010",NA
"4243-07-010",NA
"4244-07-010",NA
"4248-07-010",NA
"4249-07-010",NA
"4250-07-010",NA
"4254-07-010",NA
